[
  {
    "title": "Artificial Intelligence: A Modern Approach",
    "penulis": "Stuart Russell, Peter Norvig",
    "genre": "Kecerdasan Buatan, Komputasi",
    "penerbit": "Pearson Education",
    "tahun": "2021",
    "katakunci": "AI, Machine Learning, Artificial Intelligence",
    "source": "artificial-intelligence-modern-approach.txt",
    "chunk_id": 0
  },
  {
    "title": "Artificial Intelligence: A Modern Approach",
    "penulis": "Stuart Russell, Peter Norvig",
    "genre": "Kecerdasan Buatan, Komputasi",
    "penerbit": "Pearson Education",
    "tahun": "2021",
    "katakunci": "AI, Machine Learning, Artificial Intelligence",
    "source": "artificial-intelligence-modern-approach.txt",
    "chunk_id": 1
  },
  {
    "title": "Artificial Intelligence: A Modern Approach",
    "penulis": "Stuart Russell, Peter Norvig",
    "genre": "Kecerdasan Buatan, Komputasi",
    "penerbit": "Pearson Education",
    "tahun": "2021",
    "katakunci": "AI, Machine Learning, Artificial Intelligence",
    "source": "artificial-intelligence-modern-approach.txt",
    "chunk_id": 2
  },
  {
    "title": "Artificial Intelligence: A Modern Approach",
    "penulis": "Stuart Russell, Peter Norvig",
    "genre": "Kecerdasan Buatan, Komputasi",
    "penerbit": "Pearson Education",
    "tahun": "2021",
    "katakunci": "AI, Machine Learning, Artificial Intelligence",
    "source": "artificial-intelligence-modern-approach.txt",
    "chunk_id": 3
  },
  {
    "title": "Deep Learning with Python",
    "penulis": "François Chollet",
    "genre": "Teknologi, Kecerdasan Buatan",
    "penerbit": "Manning Publications",
    "tahun": "2017",
    "katakunci": "kecerdasan buatan, pembelajaran mesin, AI",
    "source": "deep-learning-with-python.txt",
    "chunk_id": 0
  },
  {
    "title": "Deep Learning with Python",
    "penulis": "François Chollet",
    "genre": "Teknologi, Kecerdasan Buatan",
    "penerbit": "Manning Publications",
    "tahun": "2017",
    "katakunci": "kecerdasan buatan, pembelajaran mesin, AI",
    "source": "deep-learning-with-python.txt",
    "chunk_id": 1
  },
  {
    "title": "Deep Learning with Python",
    "penulis": "François Chollet",
    "genre": "Teknologi, Kecerdasan Buatan",
    "penerbit": "Manning Publications",
    "tahun": "2017",
    "katakunci": "kecerdasan buatan, pembelajaran mesin, AI",
    "source": "deep-learning-with-python.txt",
    "chunk_id": 2
  },
  {
    "title": "Deep Learning with Python",
    "penulis": "François Chollet",
    "genre": "Teknologi, Kecerdasan Buatan",
    "penerbit": "Manning Publications",
    "tahun": "2017",
    "katakunci": "kecerdasan buatan, pembelajaran mesin, AI",
    "source": "deep-learning-with-python.txt",
    "chunk_id": 3
  },
  {
    "title": "Hands-On Machine Learning with Scikit-Learn, Keras, and TensorFlow",
    "penulis": "Aurélien Géron",
    "genre": "Machine Learning, Data Science, Pemrograman",
    "penerbit": "O'Reilly Media",
    "tahun": "2022",
    "katakunci": "Machine Learning, Keras, TensorFlow, Neural Network",
    "source": "hands-on-machine-learning.txt",
    "chunk_id": 0
  },
  {
    "title": "Hands-On Machine Learning with Scikit-Learn, Keras, and TensorFlow",
    "penulis": "Aurélien Géron",
    "genre": "Machine Learning, Data Science, Pemrograman",
    "penerbit": "O'Reilly Media",
    "tahun": "2022",
    "katakunci": "Machine Learning, Keras, TensorFlow, Neural Network",
    "source": "hands-on-machine-learning.txt",
    "chunk_id": 1
  },
  {
    "title": "Hands-On Machine Learning with Scikit-Learn, Keras, and TensorFlow",
    "penulis": "Aurélien Géron",
    "genre": "Machine Learning, Data Science, Pemrograman",
    "penerbit": "O'Reilly Media",
    "tahun": "2022",
    "katakunci": "Machine Learning, Keras, TensorFlow, Neural Network",
    "source": "hands-on-machine-learning.txt",
    "chunk_id": 2
  },
  {
    "title": "Hands-On Machine Learning with Scikit-Learn, Keras, and TensorFlow",
    "penulis": "Aurélien Géron",
    "genre": "Machine Learning, Data Science, Pemrograman",
    "penerbit": "O'Reilly Media",
    "tahun": "2022",
    "katakunci": "Machine Learning, Keras, TensorFlow, Neural Network",
    "source": "hands-on-machine-learning.txt",
    "chunk_id": 3
  },
  {
    "title": "Hands-On Machine Learning with Scikit-Learn, Keras, and TensorFlow",
    "penulis": "Aurélien Géron",
    "genre": "Machine Learning, Data Science, Pemrograman",
    "penerbit": "O'Reilly Media",
    "tahun": "2022",
    "katakunci": "Machine Learning, Keras, TensorFlow, Neural Network",
    "source": "hands-on-machine-learning.txt",
    "chunk_id": 4
  },
  {
    "title": "Hands-On Machine Learning with Scikit-Learn, Keras, and TensorFlow",
    "penulis": "Aurélien Géron",
    "genre": "Machine Learning, Data Science, Pemrograman",
    "penerbit": "O'Reilly Media",
    "tahun": "2022",
    "katakunci": "Machine Learning, Keras, TensorFlow, Neural Network",
    "source": "hands-on-machine-learning.txt",
    "chunk_id": 5
  },
  {
    "title": "Introduction to Machine Learning",
    "penulis": "Ethem Alpaydin",
    "genre": "Pembelajaran Mesin, Teori Komputasi",
    "penerbit": "MIT Press",
    "tahun": "2020",
    "katakunci": "Machine Learning, Neural Network, Algoritma",
    "source": "introduction-to-machine-learning.txt",
    "chunk_id": 0
  },
  {
    "title": "Introduction to Machine Learning",
    "penulis": "Ethem Alpaydin",
    "genre": "Pembelajaran Mesin, Teori Komputasi",
    "penerbit": "MIT Press",
    "tahun": "2020",
    "katakunci": "Machine Learning, Neural Network, Algoritma",
    "source": "introduction-to-machine-learning.txt",
    "chunk_id": 1
  },
  {
    "title": "Introduction to Machine Learning",
    "penulis": "Ethem Alpaydin",
    "genre": "Pembelajaran Mesin, Teori Komputasi",
    "penerbit": "MIT Press",
    "tahun": "2020",
    "katakunci": "Machine Learning, Neural Network, Algoritma",
    "source": "introduction-to-machine-learning.txt",
    "chunk_id": 2
  },
  {
    "title": "Introduction to Machine Learning",
    "penulis": "Ethem Alpaydin",
    "genre": "Pembelajaran Mesin, Teori Komputasi",
    "penerbit": "MIT Press",
    "tahun": "2020",
    "katakunci": "Machine Learning, Neural Network, Algoritma",
    "source": "introduction-to-machine-learning.txt",
    "chunk_id": 3
  },
  {
    "title": "Introduction to Machine Learning",
    "penulis": "Ethem Alpaydin",
    "genre": "Pembelajaran Mesin, Teori Komputasi",
    "penerbit": "MIT Press",
    "tahun": "2020",
    "katakunci": "Machine Learning, Neural Network, Algoritma",
    "source": "introduction-to-machine-learning.txt",
    "chunk_id": 4
  },
  {
    "title": "Introduction to Machine Learning",
    "penulis": "Ethem Alpaydin",
    "genre": "Pembelajaran Mesin, Teori Komputasi",
    "penerbit": "MIT Press",
    "tahun": "2020",
    "katakunci": "Machine Learning, Neural Network, Algoritma",
    "source": "introduction-to-machine-learning.txt",
    "chunk_id": 5
  },
  {
    "title": "Python for Data Analysis",
    "penulis": "Wes McKinney",
    "genre": "Data Science, Pemrograman, Analisis Data",
    "penerbit": "O'Reilly Media",
    "tahun": "2018",
    "katakunci": "Python, Analisis Data, Data",
    "source": "python-for-data-analysis.txt",
    "chunk_id": 0
  },
  {
    "title": "Python for Data Analysis",
    "penulis": "Wes McKinney",
    "genre": "Data Science, Pemrograman, Analisis Data",
    "penerbit": "O'Reilly Media",
    "tahun": "2018",
    "katakunci": "Python, Analisis Data, Data",
    "source": "python-for-data-analysis.txt",
    "chunk_id": 1
  },
  {
    "title": "Python for Data Analysis",
    "penulis": "Wes McKinney",
    "genre": "Data Science, Pemrograman, Analisis Data",
    "penerbit": "O'Reilly Media",
    "tahun": "2018",
    "katakunci": "Python, Analisis Data, Data",
    "source": "python-for-data-analysis.txt",
    "chunk_id": 2
  },
  {
    "title": "Python for Data Analysis",
    "penulis": "Wes McKinney",
    "genre": "Data Science, Pemrograman, Analisis Data",
    "penerbit": "O'Reilly Media",
    "tahun": "2018",
    "katakunci": "Python, Analisis Data, Data",
    "source": "python-for-data-analysis.txt",
    "chunk_id": 3
  },
  {
    "title": "Python for Data Analysis",
    "penulis": "Wes McKinney",
    "genre": "Data Science, Pemrograman, Analisis Data",
    "penerbit": "O'Reilly Media",
    "tahun": "2018",
    "katakunci": "Python, Analisis Data, Data",
    "source": "python-for-data-analysis.txt",
    "chunk_id": 4
  },
  {
    "title": "Python for Data Analysis",
    "penulis": "Wes McKinney",
    "genre": "Data Science, Pemrograman, Analisis Data",
    "penerbit": "O'Reilly Media",
    "tahun": "2018",
    "katakunci": "Python, Analisis Data, Data",
    "source": "python-for-data-analysis.txt",
    "chunk_id": 5
  },
  {
    "title": "Struktur Data dan Algoritma dengan Python",
    "penulis": "Michael T. Goodrich, Roberto Tamassia, Michael H. Goldwasser",
    "genre": "Ilmu Komputer, Algoritma, Pemrograman",
    "penerbit": "Wiley",
    "tahun": "2016",
    "katakunci": "Data, Struktur Data, Python, Algoritma",
    "source": "struktur-data.txt",
    "chunk_id": 0
  },
  {
    "title": "Struktur Data dan Algoritma dengan Python",
    "penulis": "Michael T. Goodrich, Roberto Tamassia, Michael H. Goldwasser",
    "genre": "Ilmu Komputer, Algoritma, Pemrograman",
    "penerbit": "Wiley",
    "tahun": "2016",
    "katakunci": "Data, Struktur Data, Python, Algoritma",
    "source": "struktur-data.txt",
    "chunk_id": 1
  },
  {
    "title": "Struktur Data dan Algoritma dengan Python",
    "penulis": "Michael T. Goodrich, Roberto Tamassia, Michael H. Goldwasser",
    "genre": "Ilmu Komputer, Algoritma, Pemrograman",
    "penerbit": "Wiley",
    "tahun": "2016",
    "katakunci": "Data, Struktur Data, Python, Algoritma",
    "source": "struktur-data.txt",
    "chunk_id": 2
  },
  {
    "title": "Struktur Data dan Algoritma dengan Python",
    "penulis": "Michael T. Goodrich, Roberto Tamassia, Michael H. Goldwasser",
    "genre": "Ilmu Komputer, Algoritma, Pemrograman",
    "penerbit": "Wiley",
    "tahun": "2016",
    "katakunci": "Data, Struktur Data, Python, Algoritma",
    "source": "struktur-data.txt",
    "chunk_id": 3
  },
  {
    "title": "Struktur Data dan Algoritma dengan Python",
    "penulis": "Michael T. Goodrich, Roberto Tamassia, Michael H. Goldwasser",
    "genre": "Ilmu Komputer, Algoritma, Pemrograman",
    "penerbit": "Wiley",
    "tahun": "2016",
    "katakunci": "Data, Struktur Data, Python, Algoritma",
    "source": "struktur-data.txt",
    "chunk_id": 4
  },
  {
    "title": "Struktur Data dan Algoritma dengan Python",
    "penulis": "Michael T. Goodrich, Roberto Tamassia, Michael H. Goldwasser",
    "genre": "Ilmu Komputer, Algoritma, Pemrograman",
    "penerbit": "Wiley",
    "tahun": "2016",
    "katakunci": "Data, Struktur Data, Python, Algoritma",
    "source": "struktur-data.txt",
    "chunk_id": 5
  }
]